101,102,103,104,120,105,106,107,108,121,109,110,122,111,112,113,114,123,115,116,117,124
20101,1,1001,5000,1,qiyu_boss.json,2,5,5000,2,3,5000,3,qiyu_yuanbao.json,4,15001,5000,4,5,16001,5000,1
20102,1,1001,5000,1,qiyu_boss.json,2,5,5000,2,3,5000,3,qiyu_yuanbao.json,4,15001,5000,4,5,16001,5000,1
20103,1,1001,5000,1,qiyu_boss.json,2,5,5000,2,3,5000,3,qiyu_yuanbao.json,4,15001,5000,4,5,16001,5000,1
20104,1,1001,5000,1,qiyu_boss.json,2,5,5000,2,3,5000,3,qiyu_yuanbao.json,4,15001,5000,4,5,16001,5000,1
20105,1,1001,5000,1,qiyu_boss.json,2,5,5000,2,3,5000,3,qiyu_yuanbao.json,4,15001,5000,4,5,16001,5000,1
20106,1,1001,5000,1,qiyu_boss.json,2,5,5000,2,3,5000,3,qiyu_yuanbao.json,4,15001,5000,4,5,16001,5000,1
20107,1,1001,5000,1,qiyu_boss.json,2,5,5000,2,3,5000,3,qiyu_yuanbao.json,4,15001,5000,4,5,16001,5000,1
20108,1,1001,5000,1,qiyu_boss.json,2,5,5000,2,3,5000,3,qiyu_yuanbao.json,4,15001,5000,4,5,16001,5000,1
20109,1,1001,5000,1,qiyu_boss.json,2,5,5000,2,3,5000,3,qiyu_yuanbao.json,4,15001,5000,4,5,16001,5000,1
20110,1,1001,5000,1,qiyu_boss.json,2,5,5000,2,3,5000,3,qiyu_yuanbao.json,4,15001,5000,4,5,16001,5000,1
20201,1,1001,5000,1,qiyu_boss.json,2,5,5000,2,3,5000,3,qiyu_yuanbao.json,4,15001,5000,4,5,16001,5000,1
20202,1,1001,5000,1,qiyu_boss.json,2,5,5000,2,3,5000,3,qiyu_yuanbao.json,4,15001,5000,4,5,16001,5000,1
20203,1,1001,5000,1,qiyu_boss.json,2,5,5000,2,3,5000,3,qiyu_yuanbao.json,4,15001,5000,4,5,16001,5000,1
20204,1,1001,5000,1,qiyu_boss.json,2,5,5000,2,3,5000,3,qiyu_yuanbao.json,4,15001,5000,4,5,16001,5000,1
20205,1,1001,5000,1,qiyu_boss.json,2,5,5000,2,3,5000,3,qiyu_yuanbao.json,4,15001,5000,4,5,16001,5000,1
20206,1,1001,5000,1,qiyu_boss.json,2,5,5000,2,3,5000,3,qiyu_yuanbao.json,4,15001,5000,4,5,16001,5000,1
20207,1,1001,5000,1,qiyu_boss.json,2,5,5000,2,3,5000,3,qiyu_yuanbao.json,4,15001,5000,4,5,16001,5000,1
20208,1,1001,5000,1,qiyu_boss.json,2,5,5000,2,3,5000,3,qiyu_yuanbao.json,4,15001,5000,4,5,16001,5000,1
20209,1,1001,5000,1,qiyu_boss.json,2,5,5000,2,3,5000,3,qiyu_yuanbao.json,4,15001,5000,4,5,16001,5000,1
20210,1,1001,5000,1,qiyu_boss.json,2,5,5000,2,3,5000,3,qiyu_yuanbao.json,4,15001,5000,4,5,16001,5000,1
20301,1,1001,5000,1,qiyu_boss.json,2,5,5000,2,3,5000,3,qiyu_yuanbao.json,4,15001,5000,4,5,16001,5000,1
20302,1,1001,5000,1,qiyu_boss.json,2,5,5000,2,3,5000,3,qiyu_yuanbao.json,4,15001,5000,4,5,16001,5000,1
20303,1,1001,5000,1,qiyu_boss.json,2,5,5000,2,3,5000,3,qiyu_yuanbao.json,4,15001,5000,4,5,16001,5000,1
20304,1,1001,5000,1,qiyu_boss.json,2,5,5000,2,3,5000,3,qiyu_yuanbao.json,4,15001,5000,4,5,16001,5000,1
20305,1,1001,5000,1,qiyu_boss.json,2,5,5000,2,3,5000,3,qiyu_yuanbao.json,4,15001,5000,4,5,16001,5000,1
20306,1,1001,5000,1,qiyu_boss.json,2,5,5000,2,3,5000,3,qiyu_yuanbao.json,4,15001,5000,4,5,16001,5000,1
20307,1,1001,5000,1,qiyu_boss.json,2,5,5000,2,3,5000,3,qiyu_yuanbao.json,4,15001,5000,4,5,16001,5000,1
20308,1,1001,5000,1,qiyu_boss.json,2,5,5000,2,3,5000,3,qiyu_yuanbao.json,4,15001,5000,4,5,16001,5000,1
20309,1,1001,5000,1,qiyu_boss.json,2,5,5000,2,3,5000,3,qiyu_yuanbao.json,4,15001,5000,4,5,16001,5000,1
20310,1,1001,5000,1,qiyu_boss.json,2,5,5000,2,3,5000,3,qiyu_yuanbao.json,4,15001,5000,4,5,16001,5000,1
20401,1,1001,5000,1,qiyu_boss.json,2,5,5000,2,3,5000,3,qiyu_yuanbao.json,4,15001,5000,4,5,16001,5000,1
20402,1,1001,5000,1,qiyu_boss.json,2,5,5000,2,3,5000,3,qiyu_yuanbao.json,4,15001,5000,4,5,16001,5000,1
20403,1,1001,5000,1,qiyu_boss.json,2,5,5000,2,3,5000,3,qiyu_yuanbao.json,4,15001,5000,4,5,16001,5000,1
20404,1,1001,5000,1,qiyu_boss.json,2,5,5000,2,3,5000,3,qiyu_yuanbao.json,4,15001,5000,4,5,16001,5000,1
20405,1,1001,5000,1,qiyu_boss.json,2,5,5000,2,3,5000,3,qiyu_yuanbao.json,4,15001,5000,4,5,16001,5000,1
20406,1,1001,5000,1,qiyu_boss.json,2,5,5000,2,3,5000,3,qiyu_yuanbao.json,4,15001,5000,4,5,16001,5000,1
20407,1,1001,5000,1,qiyu_boss.json,2,5,5000,2,3,5000,3,qiyu_yuanbao.json,4,15001,5000,4,5,16001,5000,1
20408,1,1001,5000,1,qiyu_boss.json,2,5,5000,2,3,5000,3,qiyu_yuanbao.json,4,15001,5000,4,5,16001,5000,1
20409,1,1001,5000,1,qiyu_boss.json,2,5,5000,2,3,5000,3,qiyu_yuanbao.json,4,15001,5000,4,5,16001,5000,1
20410,1,1001,5000,1,qiyu_boss.json,2,5,5000,2,3,5000,3,qiyu_yuanbao.json,4,15001,5000,4,5,16001,5000,1
20501,1,1001,5000,1,qiyu_boss.json,2,5,5000,2,3,5000,3,qiyu_yuanbao.json,4,15001,5000,4,5,16001,5000,1
20502,1,1001,5000,1,qiyu_boss.json,2,5,5000,2,3,5000,3,qiyu_yuanbao.json,4,15001,5000,4,5,16001,5000,1
20503,1,1001,5000,1,qiyu_boss.json,2,5,5000,2,3,5000,3,qiyu_yuanbao.json,4,15001,5000,4,5,16001,5000,1
20504,1,1001,5000,1,qiyu_boss.json,2,5,5000,2,3,5000,3,qiyu_yuanbao.json,4,15001,5000,4,5,16001,5000,1
20505,1,1001,5000,1,qiyu_boss.json,2,5,5000,2,3,5000,3,qiyu_yuanbao.json,4,15001,5000,4,5,16001,5000,1
20506,1,1001,5000,1,qiyu_boss.json,2,5,5000,2,3,5000,3,qiyu_yuanbao.json,4,15001,5000,4,5,16001,5000,1
20507,1,1001,5000,1,qiyu_boss.json,2,5,5000,2,3,5000,3,qiyu_yuanbao.json,4,15001,5000,4,5,16001,5000,1
20508,1,1001,5000,1,qiyu_boss.json,2,5,5000,2,3,5000,3,qiyu_yuanbao.json,4,15001,5000,4,5,16001,5000,1
20509,1,1001,5000,1,qiyu_boss.json,2,5,5000,2,3,5000,3,qiyu_yuanbao.json,4,15001,5000,4,5,16001,5000,1
20510,1,1001,5000,1,qiyu_boss.json,2,5,5000,2,3,5000,3,qiyu_yuanbao.json,4,15001,5000,4,5,16001,5000,1
20601,1,1001,5000,1,qiyu_boss.json,2,5,5000,2,3,5000,3,qiyu_yuanbao.json,4,15001,5000,4,5,16001,5000,1
20602,1,1001,5000,1,qiyu_boss.json,2,5,5000,2,3,5000,3,qiyu_yuanbao.json,4,15001,5000,4,5,16001,5000,1
20603,1,1001,5000,1,qiyu_boss.json,2,5,5000,2,3,5000,3,qiyu_yuanbao.json,4,15001,5000,4,5,16001,5000,1
20604,1,1001,5000,1,qiyu_boss.json,2,5,5000,2,3,5000,3,qiyu_yuanbao.json,4,15001,5000,4,5,16001,5000,1
20605,1,1001,5000,1,qiyu_boss.json,2,5,5000,2,3,5000,3,qiyu_yuanbao.json,4,15001,5000,4,5,16001,5000,1
20606,1,1001,5000,1,qiyu_boss.json,2,5,5000,2,3,5000,3,qiyu_yuanbao.json,4,15001,5000,4,5,16001,5000,1
20607,1,1001,5000,1,qiyu_boss.json,2,5,5000,2,3,5000,3,qiyu_yuanbao.json,4,15001,5000,4,5,16001,5000,1
20608,1,1001,5000,1,qiyu_boss.json,2,5,5000,2,3,5000,3,qiyu_yuanbao.json,4,15001,5000,4,5,16001,5000,1
20609,1,1001,5000,1,qiyu_boss.json,2,5,5000,2,3,5000,3,qiyu_yuanbao.json,4,15001,5000,4,5,16001,5000,1
20610,1,1001,5000,1,qiyu_boss.json,2,5,5000,2,3,5000,3,qiyu_yuanbao.json,4,15001,5000,4,5,16001,5000,1
20701,1,1001,5000,1,qiyu_boss.json,2,5,5000,2,3,5000,3,qiyu_yuanbao.json,4,15001,5000,4,5,16001,5000,1
20702,1,1001,5000,1,qiyu_boss.json,2,5,5000,2,3,5000,3,qiyu_yuanbao.json,4,15001,5000,4,5,16001,5000,1
20703,1,1001,5000,1,qiyu_boss.json,2,5,5000,2,3,5000,3,qiyu_yuanbao.json,4,15001,5000,4,5,16001,5000,1
20704,1,1001,5000,1,qiyu_boss.json,2,5,5000,2,3,5000,3,qiyu_yuanbao.json,4,15001,5000,4,5,16001,5000,1
20705,1,1001,5000,1,qiyu_boss.json,2,5,5000,2,3,5000,3,qiyu_yuanbao.json,4,15001,5000,4,5,16001,5000,1
20706,1,1001,5000,1,qiyu_boss.json,2,5,5000,2,3,5000,3,qiyu_yuanbao.json,4,15001,5000,4,5,16001,5000,1
20707,1,1001,5000,1,qiyu_boss.json,2,5,5000,2,3,5000,3,qiyu_yuanbao.json,4,15001,5000,4,5,16001,5000,1
20708,1,1001,5000,1,qiyu_boss.json,2,5,5000,2,3,5000,3,qiyu_yuanbao.json,4,15001,5000,4,5,16001,5000,1
20709,1,1001,5000,1,qiyu_boss.json,2,5,5000,2,3,5000,3,qiyu_yuanbao.json,4,15001,5000,4,5,16001,5000,1
20710,1,1001,5000,1,qiyu_boss.json,2,5,5000,2,3,5000,3,qiyu_yuanbao.json,4,15001,5000,4,5,16001,5000,1
20801,1,1001,5000,1,qiyu_boss.json,2,5,5000,2,3,5000,3,qiyu_yuanbao.json,4,15001,5000,4,5,16001,5000,1
20802,1,1001,5000,1,qiyu_boss.json,2,5,5000,2,3,5000,3,qiyu_yuanbao.json,4,15001,5000,4,5,16001,5000,1
20803,1,1001,5000,1,qiyu_boss.json,2,5,5000,2,3,5000,3,qiyu_yuanbao.json,4,15001,5000,4,5,16001,5000,1
20804,1,1001,5000,1,qiyu_boss.json,2,5,5000,2,3,5000,3,qiyu_yuanbao.json,4,15001,5000,4,5,16001,5000,1
20805,1,1001,5000,1,qiyu_boss.json,2,5,5000,2,3,5000,3,qiyu_yuanbao.json,4,15001,5000,4,5,16001,5000,1
20806,1,1001,5000,1,qiyu_boss.json,2,5,5000,2,3,5000,3,qiyu_yuanbao.json,4,15001,5000,4,5,16001,5000,1
20807,1,1001,5000,1,qiyu_boss.json,2,5,5000,2,3,5000,3,qiyu_yuanbao.json,4,15001,5000,4,5,16001,5000,1
20808,1,1001,5000,1,qiyu_boss.json,2,5,5000,2,3,5000,3,qiyu_yuanbao.json,4,15001,5000,4,5,16001,5000,1
20809,1,1001,5000,1,qiyu_boss.json,2,5,5000,2,3,5000,3,qiyu_yuanbao.json,4,15001,5000,4,5,16001,5000,1
20810,1,1001,5000,1,qiyu_boss.json,2,5,5000,2,3,5000,3,qiyu_yuanbao.json,4,15001,5000,4,5,16001,5000,1
20901,1,1001,5000,1,qiyu_boss.json,2,5,5000,2,3,5000,3,qiyu_yuanbao.json,4,15001,5000,4,5,16001,5000,1
20902,1,1001,5000,1,qiyu_boss.json,2,5,5000,2,3,5000,3,qiyu_yuanbao.json,4,15001,5000,4,5,16001,5000,1
20903,1,1001,5000,1,qiyu_boss.json,2,5,5000,2,3,5000,3,qiyu_yuanbao.json,4,15001,5000,4,5,16001,5000,1
20904,1,1001,5000,1,qiyu_boss.json,2,5,5000,2,3,5000,3,qiyu_yuanbao.json,4,15001,5000,4,5,16001,5000,1
20905,1,1001,5000,1,qiyu_boss.json,2,5,5000,2,3,5000,3,qiyu_yuanbao.json,4,15001,5000,4,5,16001,5000,1
20906,1,1001,5000,1,qiyu_boss.json,2,5,5000,2,3,5000,3,qiyu_yuanbao.json,4,15001,5000,4,5,16001,5000,1
20907,1,1001,5000,1,qiyu_boss.json,2,5,5000,2,3,5000,3,qiyu_yuanbao.json,4,15001,5000,4,5,16001,5000,1
20908,1,1001,5000,1,qiyu_boss.json,2,5,5000,2,3,5000,3,qiyu_yuanbao.json,4,15001,5000,4,5,16001,5000,1
20909,1,1001,5000,1,qiyu_boss.json,2,5,5000,2,3,5000,3,qiyu_yuanbao.json,4,15001,5000,4,5,16001,5000,1
20910,1,1001,5000,1,qiyu_boss.json,2,5,5000,2,3,5000,3,qiyu_yuanbao.json,4,15001,5000,4,5,16001,5000,1
21001,1,1001,5000,1,qiyu_boss.json,2,5,5000,2,3,5000,3,qiyu_yuanbao.json,4,15001,5000,4,5,16001,5000,1
21002,1,1001,5000,1,qiyu_boss.json,2,5,5000,2,3,5000,3,qiyu_yuanbao.json,4,15001,5000,4,5,16001,5000,1
21003,1,1001,5000,1,qiyu_boss.json,2,5,5000,2,3,5000,3,qiyu_yuanbao.json,4,15001,5000,4,5,16001,5000,1
21004,1,1001,5000,1,qiyu_boss.json,2,5,5000,2,3,5000,3,qiyu_yuanbao.json,4,15001,5000,4,5,16001,5000,1
21005,1,1001,5000,1,qiyu_boss.json,2,5,5000,2,3,5000,3,qiyu_yuanbao.json,4,15001,5000,4,5,16001,5000,1
21006,1,1001,5000,1,qiyu_boss.json,2,5,5000,2,3,5000,3,qiyu_yuanbao.json,4,15001,5000,4,5,16001,5000,1
21007,1,1001,5000,1,qiyu_boss.json,2,5,5000,2,3,5000,3,qiyu_yuanbao.json,4,15001,5000,4,5,16001,5000,1
21008,1,1001,5000,1,qiyu_boss.json,2,5,5000,2,3,5000,3,qiyu_yuanbao.json,4,15001,5000,4,5,16001,5000,1
21009,1,1001,5000,1,qiyu_boss.json,2,5,5000,2,3,5000,3,qiyu_yuanbao.json,4,15001,5000,4,5,16001,5000,1
21010,1,1001,5000,1,qiyu_boss.json,2,5,5000,2,3,5000,3,qiyu_yuanbao.json,4,15001,5000,4,5,16001,5000,1
21101,1,1001,5000,1,qiyu_boss.json,2,5,5000,2,3,5000,3,qiyu_yuanbao.json,4,15001,5000,4,5,16001,5000,1
21102,1,1001,5000,1,qiyu_boss.json,2,5,5000,2,3,5000,3,qiyu_yuanbao.json,4,15001,5000,4,5,16001,5000,1
21103,1,1001,5000,1,qiyu_boss.json,2,5,5000,2,3,5000,3,qiyu_yuanbao.json,4,15001,5000,4,5,16001,5000,1
21104,1,1001,5000,1,qiyu_boss.json,2,5,5000,2,3,5000,3,qiyu_yuanbao.json,4,15001,5000,4,5,16001,5000,1
21105,1,1001,5000,1,qiyu_boss.json,2,5,5000,2,3,5000,3,qiyu_yuanbao.json,4,15001,5000,4,5,16001,5000,1
21106,1,1001,5000,1,qiyu_boss.json,2,5,5000,2,3,5000,3,qiyu_yuanbao.json,4,15001,5000,4,5,16001,5000,1
21107,1,1001,5000,1,qiyu_boss.json,2,5,5000,2,3,5000,3,qiyu_yuanbao.json,4,15001,5000,4,5,16001,5000,1
21108,1,1001,5000,1,qiyu_boss.json,2,5,5000,2,3,5000,3,qiyu_yuanbao.json,4,15001,5000,4,5,16001,5000,1
21109,1,1001,5000,1,qiyu_boss.json,2,5,5000,2,3,5000,3,qiyu_yuanbao.json,4,15001,5000,4,5,16001,5000,1
21110,1,1001,5000,1,qiyu_boss.json,2,5,5000,2,3,5000,3,qiyu_yuanbao.json,4,15001,5000,4,5,16001,5000,1
21201,1,1001,5000,1,qiyu_boss.json,2,5,5000,2,3,5000,3,qiyu_yuanbao.json,4,15001,5000,4,5,16001,5000,1
21202,1,1001,5000,1,qiyu_boss.json,2,5,5000,2,3,5000,3,qiyu_yuanbao.json,4,15001,5000,4,5,16001,5000,1
21203,1,1001,5000,1,qiyu_boss.json,2,5,5000,2,3,5000,3,qiyu_yuanbao.json,4,15001,5000,4,5,16001,5000,1
21204,1,1001,5000,1,qiyu_boss.json,2,5,5000,2,3,5000,3,qiyu_yuanbao.json,4,15001,5000,4,5,16001,5000,1
21205,1,1001,5000,1,qiyu_boss.json,2,5,5000,2,3,5000,3,qiyu_yuanbao.json,4,15001,5000,4,5,16001,5000,1
21206,1,1001,5000,1,qiyu_boss.json,2,5,5000,2,3,5000,3,qiyu_yuanbao.json,4,15001,5000,4,5,16001,5000,1
21207,1,1001,5000,1,qiyu_boss.json,2,5,5000,2,3,5000,3,qiyu_yuanbao.json,4,15001,5000,4,5,16001,5000,1
21208,1,1001,5000,1,qiyu_boss.json,2,5,5000,2,3,5000,3,qiyu_yuanbao.json,4,15001,5000,4,5,16001,5000,1
21209,1,1001,5000,1,qiyu_boss.json,2,5,5000,2,3,5000,3,qiyu_yuanbao.json,4,15001,5000,4,5,16001,5000,1
21210,1,1001,5000,1,qiyu_boss.json,2,5,5000,2,3,5000,3,qiyu_yuanbao.json,4,15001,5000,4,5,16001,5000,1
